{
  "gaze_offset_x": -0.0032781065088757413,
  "gaze_offset_y": 0.09479881656804738,
  "scale_factor": 2.0,
  "screen_width": 1920,
  "screen_height": 1009,
  "invert_y": true,
  "user_id": "default",
  "calibrated_at": "2026-01-10T16:10:50.625096",
  "num_points": 169,
  "screen_mapping": {
    "x": [
      -22852.614520214393,
      -1012.4533499070616,
      964.2721893491124
    ],
    "y": [
      -2487.9335121725476,
      -561.6255475757258,
      505.95266272189343
    ],
    "rmse_x": 359.21965019538965,
    "rmse_y": 278.9800551062706
  },
  "head_baseline_yaw": -0.46,
  "head_baseline_pitch": -8.32,
  "head_compensation_yaw_gain": -0.0011989031716092625,
  "head_compensation_yaw_r2": 0.031826108180420865,
  "head_compensation_pitch_gain": 0.002504569797646146,
  "head_compensation_pitch_r2": 0.001004854608355421
}